step_number,time_ns,gate_type,qubits_involved,description,fidelity_after,fidelity_loss,cumulative_error
0,50.00000000000001,H,[0],H(0): Create superposition,0.25011351966971157,0.7498864803302885,0.7498864803302885
1,350.00000000000006,CNOT,"[0, 1]","CNOT(0,1): Entangle qubit 1",0.2473875446967418,0.00272597497296978,0.7526124553032583
2,650.0000000000001,CNOT,"[1, 2]","CNOT(1,2): Entangle qubit 2",0.24007722201569212,0.007310322681049669,0.7599227779843079
3,950.0000000000002,CNOT,"[2, 3]","CNOT(2,3): Entangle qubit 3",0.9165793924314958,0.0,0.08342060756850422
