step_number,time_ns,gate_type,qubits_involved,description,fidelity_after,fidelity_loss,cumulative_error
0,50.00000000000001,H,[0],H(0): Create superposition,0.25011351966971157,0.7498864803302885,0.7498864803302885
1,350.00000000000006,CNOT,"[0, 1]","CNOT(0,1): Entangle qubit 1",0.2473875446967418,0.00272597497296978,0.7526124553032583
2,650.0000000000001,CNOT,"[1, 2]","CNOT(1,2): Entangle qubit 2",0.9504067763383388,0.0,0.04959322366166119
