n_parties,mean_ghz_fidelity,std_fidelity,expected_theoretical,ci_95_lower,ci_95_upper
3,0.9504067763383388,0.002398672520766044,0.9511481589305768,0.9457053781976373,0.9551081744790403
4,0.9165793924314958,0.0030551092619922247,0.9138612716103159,0.910591378277991,0.9225674065850006
5,0.883893534430352,0.0035394290342508033,0.8870649958935789,0.8769562535232205,0.8908308153374835
6,0.8688350145835496,0.0037297750830395378,0.867807813439059,0.8615246554207922,0.8761453737463071
7,0.8541361333909645,0.003899800911179699,0.8539686113048968,0.8464925236050523,0.8617797431768767
