parameter_name,value
A,0.3570726033943263
alpha,0.3303788064023808
C,0.8186189968017633
R_squared,0.996827077669119
A_err,0.041497844976047076
alpha_err,0.07271696891054792
C_err,0.01622561022619692
